{
    "$schema": "https://schema.management.azure.com/schemas/2015-01-01/deploymentParameters.json#",
    "contentVersion": "1.0.0.0",
    "parameters": {
        "virtualMachines_VM1_name": {
            "value": null
        },
        "networkInterfaces_vm1704_name": {
            "value": null
        },
        "publicIPAddresses_VM1_ip_name": {
            "value": null
        },
        "storageAccounts_task8diag_name": {
            "value": null
        },
        "virtualNetworks_Task8_vnet_name": {
            "value": null
        },
        "networkSecurityGroups_VM1_nsg_name": {
            "value": null
        }
    }
}