{
    "$schema": "https://schema.management.azure.com/schemas/2015-01-01/deploymentTemplate.json#",
    "contentVersion": "1.0.0.0",
    "parameters": {
        "virtualMachines_VM1_name": {
            "defaultValue": "VM1",
            "type": "String"
        },
        "networkInterfaces_vm1704_name": {
            "defaultValue": "vm1704",
            "type": "String"
        },
        "publicIPAddresses_VM1_ip_name": {
            "defaultValue": "VM1-ip",
            "type": "String"
        },
        "storageAccounts_task8diag_name": {
            "defaultValue": "task8diag",
            "type": "String"
        },
        "virtualNetworks_Task8_vnet_name": {
            "defaultValue": "Task8-vnet",
            "type": "String"
        },
        "networkSecurityGroups_VM1_nsg_name": {
            "defaultValue": "VM1-nsg",
            "type": "String"
        }
    },
    "variables": {},
    "resources": [
        {
            "type": "Microsoft.Network/networkSecurityGroups",
            "apiVersion": "2019-06-01",
            "name": "[parameters('networkSecurityGroups_VM1_nsg_name')]",
            "location": "westus",
            "properties": {
                "provisioningState": "Succeeded",
                "resourceGuid": "33bfdc69-dd44-4698-a6ea-1d3a6267844f",
                "securityRules": [],
                "defaultSecurityRules": [
                    {
                        "name": "AllowVnetInBound",
                        "etag": "W/\"fe87e4d1-9abf-4cdf-afe1-1546cba74898\"",
                        "properties": {
                            "provisioningState": "Succeeded",
                            "description": "Allow inbound traffic from all VMs in VNET",
                            "protocol": "*",
                            "sourcePortRange": "*",
                            "destinationPortRange": "*",
                            "sourceAddressPrefix": "VirtualNetwork",
                            "destinationAddressPrefix": "VirtualNetwork",
                            "access": "Allow",
                            "priority": 65000,
                            "direction": "Inbound",
                            "sourcePortRanges": [],
                            "destinationPortRanges": [],
                            "sourceAddressPrefixes": [],
                            "destinationAddressPrefixes": []
                        }
                    },
                    {
                        "name": "AllowAzureLoadBalancerInBound",
                        "etag": "W/\"fe87e4d1-9abf-4cdf-afe1-1546cba74898\"",
                        "properties": {
                            "provisioningState": "Succeeded",
                            "description": "Allow inbound traffic from azure load balancer",
                            "protocol": "*",
                            "sourcePortRange": "*",
                            "destinationPortRange": "*",
                            "sourceAddressPrefix": "AzureLoadBalancer",
                            "destinationAddressPrefix": "*",
                            "access": "Allow",
                            "priority": 65001,
                            "direction": "Inbound",
                            "sourcePortRanges": [],
                            "destinationPortRanges": [],
                            "sourceAddressPrefixes": [],
                            "destinationAddressPrefixes": []
                        }
                    },
                    {
                        "name": "DenyAllInBound",
                        "etag": "W/\"fe87e4d1-9abf-4cdf-afe1-1546cba74898\"",
                        "properties": {
                            "provisioningState": "Succeeded",
                            "description": "Deny all inbound traffic",
                            "protocol": "*",
                            "sourcePortRange": "*",
                            "destinationPortRange": "*",
                            "sourceAddressPrefix": "*",
                            "destinationAddressPrefix": "*",
                            "access": "Deny",
                            "priority": 65500,
                            "direction": "Inbound",
                            "sourcePortRanges": [],
                            "destinationPortRanges": [],
                            "sourceAddressPrefixes": [],
                            "destinationAddressPrefixes": []
                        }
                    },
                    {
                        "name": "AllowVnetOutBound",
                        "etag": "W/\"fe87e4d1-9abf-4cdf-afe1-1546cba74898\"",
                        "properties": {
                            "provisioningState": "Succeeded",
                            "description": "Allow outbound traffic from all VMs to all VMs in VNET",
                            "protocol": "*",
                            "sourcePortRange": "*",
                            "destinationPortRange": "*",
                            "sourceAddressPrefix": "VirtualNetwork",
                            "destinationAddressPrefix": "VirtualNetwork",
                            "access": "Allow",
                            "priority": 65000,
                            "direction": "Outbound",
                            "sourcePortRanges": [],
                            "destinationPortRanges": [],
                            "sourceAddressPrefixes": [],
                            "destinationAddressPrefixes": []
                        }
                    },
                    {
                        "name": "AllowInternetOutBound",
                        "etag": "W/\"fe87e4d1-9abf-4cdf-afe1-1546cba74898\"",
                        "properties": {
                            "provisioningState": "Succeeded",
                            "description": "Allow outbound traffic from all VMs to Internet",
                            "protocol": "*",
                            "sourcePortRange": "*",
                            "destinationPortRange": "*",
                            "sourceAddressPrefix": "*",
                            "destinationAddressPrefix": "Internet",
                            "access": "Allow",
                            "priority": 65001,
                            "direction": "Outbound",
                            "sourcePortRanges": [],
                            "destinationPortRanges": [],
                            "sourceAddressPrefixes": [],
                            "destinationAddressPrefixes": []
                        }
                    },
                    {
                        "name": "DenyAllOutBound",
                        "etag": "W/\"fe87e4d1-9abf-4cdf-afe1-1546cba74898\"",
                        "properties": {
                            "provisioningState": "Succeeded",
                            "description": "Deny all outbound traffic",
                            "protocol": "*",
                            "sourcePortRange": "*",
                            "destinationPortRange": "*",
                            "sourceAddressPrefix": "*",
                            "destinationAddressPrefix": "*",
                            "access": "Deny",
                            "priority": 65500,
                            "direction": "Outbound",
                            "sourcePortRanges": [],
                            "destinationPortRanges": [],
                            "sourceAddressPrefixes": [],
                            "destinationAddressPrefixes": []
                        }
                    }
                ]
            }
        },
        {
            "type": "Microsoft.Network/publicIPAddresses",
            "apiVersion": "2019-06-01",
            "name": "[parameters('publicIPAddresses_VM1_ip_name')]",
            "location": "westus",
            "sku": {
                "name": "Basic",
                "tier": "Regional"
            },
            "properties": {
                "provisioningState": "Succeeded",
                "resourceGuid": "d2188a27-d8ac-4d23-80a2-e604f3acb883",
                "ipAddress": "104.42.39.94",
                "publicIPAddressVersion": "IPv4",
                "publicIPAllocationMethod": "Dynamic",
                "idleTimeoutInMinutes": 4,
                "ipTags": []
            }
        },
        {
            "type": "Microsoft.Network/virtualNetworks",
            "apiVersion": "2019-06-01",
            "name": "[parameters('virtualNetworks_Task8_vnet_name')]",
            "location": "westus",
            "properties": {
                "provisioningState": "Succeeded",
                "resourceGuid": "14c611d5-2fe7-4d86-b9a5-db6c8fa40177",
                "addressSpace": {
                    "addressPrefixes": [
                        "10.120.0.0/24"
                    ]
                },
                "subnets": [
                    {
                        "name": "subnet0",
                        "etag": "W/\"421aef0b-0f03-4c87-aa53-d34a80893161\"",
                        "properties": {
                            "provisioningState": "Succeeded",
                            "addressPrefix": "10.120.0.0/24",
                            "delegations": [],
                            "privateEndpointNetworkPolicies": "Enabled",
                            "privateLinkServiceNetworkPolicies": "Enabled"
                        }
                    }
                ],
                "virtualNetworkPeerings": [],
                "enableDdosProtection": false,
                "enableVmProtection": false
            }
        },
        {
            "type": "Microsoft.Storage/storageAccounts",
            "apiVersion": "2019-04-01",
            "name": "[parameters('storageAccounts_task8diag_name')]",
            "location": "westus",
            "sku": {
                "name": "Standard_LRS",
                "tier": "Standard"
            },
            "kind": "Storage",
            "properties": {
                "networkAcls": {
                    "bypass": "AzureServices",
                    "virtualNetworkRules": [],
                    "ipRules": [],
                    "defaultAction": "Allow"
                },
                "supportsHttpsTrafficOnly": true,
                "encryption": {
                    "services": {
                        "file": {
                            "enabled": true
                        },
                        "blob": {
                            "enabled": true
                        }
                    },
                    "keySource": "Microsoft.Storage"
                }
            }
        },
        {
            "type": "Microsoft.Network/virtualNetworks/subnets",
            "apiVersion": "2019-06-01",
            "name": "[concat(parameters('virtualNetworks_Task8_vnet_name'), '/subnet0')]",
            "dependsOn": [
                "[resourceId('Microsoft.Network/virtualNetworks', parameters('virtualNetworks_Task8_vnet_name'))]"
            ],
            "properties": {
                "provisioningState": "Succeeded",
                "addressPrefix": "10.120.0.0/24",
                "delegations": [],
                "privateEndpointNetworkPolicies": "Enabled",
                "privateLinkServiceNetworkPolicies": "Enabled"
            }
        },
        {
            "type": "Microsoft.Storage/storageAccounts/blobServices",
            "apiVersion": "2019-04-01",
            "name": "[concat(parameters('storageAccounts_task8diag_name'), '/default')]",
            "dependsOn": [
                "[resourceId('Microsoft.Storage/storageAccounts', parameters('storageAccounts_task8diag_name'))]"
            ],
            "properties": {
                "cors": {
                    "corsRules": []
                },
                "deleteRetentionPolicy": {
                    "enabled": false
                }
            }
        },
        {
            "type": "Microsoft.Compute/virtualMachines",
            "apiVersion": "2019-03-01",
            "name": "[parameters('virtualMachines_VM1_name')]",
            "location": "westus",
            "dependsOn": [
                "[resourceId('Microsoft.Network/networkInterfaces', parameters('networkInterfaces_vm1704_name'))]",
                "[resourceId('Microsoft.Storage/StorageAccounts', parameters('storageAccounts_task8diag_name'))]"
            ],
            "properties": {
                "hardwareProfile": {
                    "vmSize": "Standard_D2_v2"
                },
                "storageProfile": {
                    "imageReference": {
                        "publisher": "MicrosoftWindowsServer",
                        "offer": "WindowsServer",
                        "sku": "2019-Datacenter",
                        "version": "latest"
                    },
                    "osDisk": {
                        "osType": "Windows",
                        "name": "[concat(parameters('virtualMachines_VM1_name'), '_OsDisk_1_766d2b7f479b4f579bfb160fe369d11a')]",
                        "createOption": "FromImage",
                        "caching": "ReadWrite",
                        "managedDisk": {
                            "storageAccountType": "StandardSSD_LRS",
                            "id": "[resourceId('Microsoft.Compute/disks', concat(parameters('virtualMachines_VM1_name'), '_OsDisk_1_766d2b7f479b4f579bfb160fe369d11a'))]"
                        },
                        "diskSizeGB": 127
                    },
                    "dataDisks": []
                },
                "osProfile": {
                    "computerName": "[parameters('virtualMachines_VM1_name')]",
                    "adminUsername": "mreibeling",
                    "windowsConfiguration": {
                        "provisionVMAgent": true,
                        "enableAutomaticUpdates": true
                    },
                    "secrets": [],
                    "allowExtensionOperations": true
                },
                "networkProfile": {
                    "networkInterfaces": [
                        {
                            "id": "[resourceId('Microsoft.Network/networkInterfaces', parameters('networkInterfaces_vm1704_name'))]"
                        }
                    ]
                },
                "diagnosticsProfile": {
                    "bootDiagnostics": {
                        "enabled": true,
                        "storageUri": "[concat('https://', parameters('storageAccounts_task8diag_name'), '.blob.core.windows.net/')]"
                    }
                }
            }
        },
        {
            "type": "Microsoft.Storage/storageAccounts/blobServices/containers",
            "apiVersion": "2019-04-01",
            "name": "[concat(parameters('storageAccounts_task8diag_name'), '/default/bootdiagnostics-vm1-b96f7fb7-2a32-46d5-a200-f4b41ab7e3da')]",
            "dependsOn": [
                "[resourceId('Microsoft.Storage/storageAccounts/blobServices', parameters('storageAccounts_task8diag_name'), 'default')]",
                "[resourceId('Microsoft.Storage/storageAccounts', parameters('storageAccounts_task8diag_name'))]"
            ],
            "properties": {
                "publicAccess": "None"
            }
        },
        {
            "type": "Microsoft.Network/networkInterfaces",
            "apiVersion": "2019-06-01",
            "name": "[parameters('networkInterfaces_vm1704_name')]",
            "location": "westus",
            "dependsOn": [
                "[resourceId('Microsoft.Network/publicIPAddresses', parameters('publicIPAddresses_VM1_ip_name'))]",
                "[resourceId('Microsoft.Network/virtualNetworks/subnets', parameters('virtualNetworks_Task8_vnet_name'), 'subnet0')]",
                "[resourceId('Microsoft.Network/networkSecurityGroups', parameters('networkSecurityGroups_VM1_nsg_name'))]"
            ],
            "properties": {
                "provisioningState": "Succeeded",
                "resourceGuid": "cc950b45-a578-4f84-aa0c-b05d0e8d0cff",
                "ipConfigurations": [
                    {
                        "name": "ipconfig1",
                        "etag": "W/\"cd0974ee-d192-41b0-b1f1-c264f86ebd5d\"",
                        "properties": {
                            "provisioningState": "Succeeded",
                            "privateIPAddress": "10.120.0.4",
                            "privateIPAllocationMethod": "Dynamic",
                            "publicIPAddress": {
                                "id": "[resourceId('Microsoft.Network/publicIPAddresses', parameters('publicIPAddresses_VM1_ip_name'))]"
                            },
                            "subnet": {
                                "id": "[resourceId('Microsoft.Network/virtualNetworks/subnets', parameters('virtualNetworks_Task8_vnet_name'), 'subnet0')]"
                            },
                            "primary": true,
                            "privateIPAddressVersion": "IPv4"
                        }
                    }
                ],
                "dnsSettings": {
                    "dnsServers": [],
                    "appliedDnsServers": [],
                    "internalDomainNameSuffix": "0ui2mfhhf4de1onf1nwi5jaboh.dx.internal.cloudapp.net"
                },
                "macAddress": "00-0D-3A-3B-02-FC",
                "enableAcceleratedNetworking": true,
                "enableIPForwarding": false,
                "networkSecurityGroup": {
                    "id": "[resourceId('Microsoft.Network/networkSecurityGroups', parameters('networkSecurityGroups_VM1_nsg_name'))]"
                },
                "primary": true,
                "tapConfigurations": []
            }
        }
    ]
}